Kind,Name,Cyclomatic,SumCyclomatic,CountLine,CountLineBlank,CountLineCodeDecl,CountLineCode,CountLineComment,CountLineCodeExe,CountStmt
File,"/Users/gurjeet/eclipse-workspace/Metristics/src/metristics/CsvReader.java",,5,38,7,14,30,1,12,23
File,"/Users/gurjeet/eclipse-workspace/Metristics/src/metristics/HelperUtils.java",,11,52,8,11,40,4,21,30
File,"/Users/gurjeet/eclipse-workspace/Metristics/src/metristics/MADCalculator.java",,2,17,5,5,11,1,4,9
File,"/Users/gurjeet/eclipse-workspace/Metristics/src/metristics/MeanCalculator.java",,2,16,4,5,11,1,4,9
File,"/Users/gurjeet/eclipse-workspace/Metristics/src/metristics/MedianCalculator.java",,2,19,4,6,14,1,7,10
File,"/Users/gurjeet/eclipse-workspace/Metristics/src/metristics/Metristics.java",,17,135,18,42,112,5,76,97
File,"/Users/gurjeet/eclipse-workspace/Metristics/src/metristics/ModeCalculator.java",,5,32,9,8,22,1,12,20
File,"/Users/gurjeet/eclipse-workspace/Metristics/src/metristics/StandardDeviationCalculator.java",,2,16,4,5,11,1,4,9
Package,"metristics",,46,325,59,96,251,15,140,207
Public Class,"metristics.CsvReader",,5,30,5,8,24,1,12,17
Public Constructor,"metristics.CsvReader.CsvReader",1,1,3,0,1,3,0,1,2
Method,"metristics.CsvReader.readDataFromCSV",4,4,20,2,5,18,0,11,13
Class,"metristics.HelperUtils",,11,48,6,9,38,4,21,28
Static Method,"metristics.HelperUtils.calculateMaximum",3,3,9,0,2,9,0,5,7
Static Method,"metristics.HelperUtils.calculateMinimum",3,3,9,0,2,9,0,5,7
Static Method,"metristics.HelperUtils.findSquareRoot",3,3,13,1,3,12,0,8,9
Static Method,"metristics.HelperUtils.getAbsolute",2,2,6,0,1,6,0,3,4
Class,"metristics.MADCalculator",,2,13,3,3,9,1,4,7
Method,"metristics.MADCalculator.calculateMeanAbsoluteDeviation",2,2,7,0,2,7,0,4,6
Class,"metristics.MeanCalculator",,2,12,2,3,9,1,4,7
Method,"metristics.MeanCalculator.calculateMean",2,2,7,0,2,7,0,4,6
Class,"metristics.MedianCalculator",,2,15,2,4,12,1,7,8
Method,"metristics.MedianCalculator.calculateMedian",2,2,11,1,3,10,0,7,7
Public Class,"metristics.Metristics",,17,123,15,34,103,5,76,89
Public Constructor,"metristics.Metristics.Metristics",1,1,38,5,1,33,0,31,32
Public Method,"metristics.Metristics.actionPerformed",5,5,22,1,6,21,0,15,14
Private Method,"metristics.Metristics.displayResult",1,1,3,0,1,3,0,1,2
Private Method,"metristics.Metristics.handleActions",8,8,31,0,13,31,0,27,27
Public Static Method,"metristics.Metristics.main",1,2,3,0,1,3,0,1,2
Lambda Method,"metristics.Metristics.main.(lambda_expr_1)",1,1,1,0,0,1,0,1,0
Class,"metristics.ModeCalculator",,5,28,7,6,20,1,12,18
Method,"metristics.ModeCalculator.calculateMode",5,5,22,4,5,18,0,12,17
Class,"metristics.StandardDeviationCalculator",,2,12,2,3,9,1,4,7
Method,"metristics.StandardDeviationCalculator.calculateStandardDeviation",2,2,7,0,2,7,0,4,6
